{
  "model_name": "Lasso Regression",
  "model_type": "Lasso",
  "training_date": "2026-01-10T23:06:04.842643",
  "cv_results": {
    "Linear Regression": {
      "mean_rmse": 14139509.473229593,
      "std_rmse": 17113.149949652074,
      "mean_r2": -9.998192324256472e-05,
      "std_r2": 7.974305206603468e-05,
      "cv_rmse_scores": [
        14154723.12371986,
        14130197.418458357,
        14156891.240526851,
        14144793.314603236,
        14110942.268839663
      ],
      "cv_r2_scores": [
        -5.8974827870095226e-05,
        -3.0231185134788063e-05,
        -7.853311632377569e-05,
        -7.650657626756541e-05,
        -0.0002556639106165992
      ]
    },
    "Ridge Regression": {
      "mean_rmse": 14139344.440632587,
      "std_rmse": 17301.94658712852,
      "mean_r2": -7.66010019371155e-05,
      "std_r2": 3.3107594024241424e-05,
      "cv_rmse_scores": [
        14154703.424435409,
        14130693.503733966,
        14156530.37697121,
        14144793.311456038,
        14110001.586566322
      ],
      "cv_r2_scores": [
        -5.6191243573477934e-05,
        -0.00010045086667886949,
        -2.754914115188356e-05,
        -7.65061312362203e-05,
        -0.0001223076270451262
      ]
    },
    "Lasso Regression": {
      "mean_rmse": 14139344.426086247,
      "std_rmse": 17301.953309128443,
      "mean_r2": -7.659894300720005e-05,
      "std_r2": 3.3106524337900726e-05,
      "cv_rmse_scores": [
        14154703.41263047,
        14130693.48929728,
        14156530.376268644,
        14144793.29152248,
        14110001.560712362
      ],
      "cv_r2_scores": [
        -5.61895754915831e-05,
        -0.00010044882316462278,
        -2.7549041892394044e-05,
        -7.650331251940479e-05,
        -0.00012230396196799553
      ]
    }
  },
  "cv_folds": 5,
  "random_state": 42,
  "training_samples": 200000,
  "test_samples": 50000,
  "features": [
    "area",
    "bedrooms",
    "bathrooms",
    "year_built",
    "location"
  ]
}